INSERT INTO PERSON VALUES
('1234567890', "Hellen", "Cole", "F", 45, "123 Main Street", NULL, "Richardson", "TX", "75080"),
('1324576890', "John", "Smith", "M", 40, "734 Redbird Lane", "Apt 385", "Plano", "TX", "75025"),
('0987654321', "Jane", "Doe", "F", 33, "987 Rainbow Road", "Apt 1234", "Richardson", "TX", "75080");

INSERT INTO PHONE_NUMBER VALUES
('1234567890', '9725551234'), ('1324576890', '9725555678'), ('1324576890', '9725559284');

INSERT INTO EMPLOYEE VALUES
('1324576890', 'Manager', '5', NULL),
('1234567890', 'Salesperson', '1', '1324576890');

INSERT INTO DEPARTMENT VALUES
('1', 'Sales'), ('2', 'Engineering'), ('3', 'Management');

INSERT INTO SHIFTS VALUES
('1234567890', '1', "09:00:00", "05:00:00"), ('1324576890', '3', "09:00:00", "05:00:00");

INSERT INTO SITE VALUES
('9876123450', 'SiteA', 'Dallas'), ('1234598760', 'SiteB', 'Houston');

INSERT INTO WORKS_ON VALUES
('1234567890', '9876123450'), ('1234567890', '1234598760');

INSERT INTO SALARY VALUES
('1324576890', 2019, '40000'), ('1324576890', 2020, '40000'), ('1324576890', 2021, '50000'), ('1324576890', 2022, '60000'),
('1234567890', 2019, '30000'), ('1234567890', 2020, '30000'), ('1234567890', 2021, '35000'), ('1234567890', 2022, '40000');

INSERT INTO VENDOR VALUES
('8274736590', 'VendorA', 'VendorAAddress', 1, 600, 'vendorAsells.com'), 
('1928563749', 'VendorB', 'VendorBAddress', 2, 589, 'vendorBsells.com'), 
('3746582918', 'VendorC', 'VendorCAddress', 3, 793, 'vendorCsells.com');

INSERT INTO PART VALUES
('Cup', 3), ('SmallBoard', 1), ('LargeBoard', 2);

INSERT INTO PRODUCT VALUES
('2846295723', 'ProductA', 'Small', 29.99, 5, 'Modern'),
('8255829292', 'ProductB', 'Med', 49.99, 5, 'Classic'),
('1912836483', 'ProductC', 'Large', 200.99, 10, 'Vintage'),
('7385637547', 'ProductD', 'Med', 299.99, 10, 'Trendy');

INSERT INTO CANDIDATE VALUES
('0987654321', false), ('1234567890', false);

INSERT INTO JOB_POSITION VALUES
('9283658492', "Salesperson Level 2", "2022-10-20", '1');

INSERT INTO INTERVIEW VALUES
('0987654321', '1324576890', '9283658492', 30, '2022-11-01 15:00:00'), 
('1234567890', '1324576890', '9283658492', 80, '2022-11-01 12:00:00'),
('1234567890', '1324576890', '9283658492', 75, '2022-11-08 16:00:00');

INSERT INTO SUPPLIES_PART VALUES
('8274736590', 'Cup', 1), ('8274736590', 'SmallBoard', 2), ('1928563749', 'LargeBoard', 10), ('1928563749', 'Cup', 2);

INSERT INTO USES_PART VALUES
('Cup', '2846295723', 2), ('SmallBoard', '8255829292', 3), ('LargeBoard', '1912836483', 4), ('Cup', '7385637547', 5);

INSERT INTO CUSTOMER VALUES
('0987654321');

INSERT INTO CUST_PREF_SALES VALUES
('0987654321', '1234567890');

INSERT INTO SALE VALUES
('1234567890', '0987654321', '2022-11-01 10:00:00', '9876123450', '1912836483', 2),
('1234567890', '0987654321', '2022-10-16 11:00:00', '1234598760', '7385637547', 3);